software,bias,mse,ratio,cover_fit
INLA,-0.06145499667928945,0.4108587730893554,0.009192250145842936,0.8858249496981891
spmodel,-0.10932073092333548,0.4149059268720571,0.028804173272987756,0.8872283702213279
