software,type,time
INLA,fixed,1.515333333333289
INLA,preds,0
spmodel,fixed,11.291666666666696
spmodel,preds,0.7259999999999309
