software,type,time
INLA,fixed,1.2333333333333334
INLA,preds,0
spmodel,fixed,3.7230000000000247
spmodel,preds,0.27366666666667544
