software,bias,mse,ratio,cover_fit
INLA,-0.048373768096608136,0.5217991066351112,0.004484525577198383,0.82886
spmodel,-0.10302919442633211,0.4988113788427557,0.021280618996234242,0.878985
