software,bias,mse,ratio,cover_fit
INLA,-0.07849974752140447,0.38410015004752374,0.016043238619307523,0.8948465022647207
spmodel,-0.11290947995067376,0.39029973183978933,0.03266348814188947,0.889632611977856
