software,type,time
INLA,fixed,1.0579999999999965
INLA,preds,0
spmodel,fixed,1.783666666666672
spmodel,preds,0.15433333333333318
