beta,software,bias,mse,ratio,cover_fit
beta0,INLA,-6.54755913437341e-4,0.39944219275289383,1.073259945892536e-6,0.5973829894313035
beta0,spmodel,-0.1092184289785405,0.3776638217218893,0.03158540623286055,0.684952189229995
beta1,INLA,-0.0015576245596376488,0.004298907398087569,5.643746292059482e-4,0.8822345244086562
beta1,spmodel,0.016653640883303025,0.004273230727946986,0.06490259298572158,0.8731756416708606
beta2,INLA,0.0045188726723704095,0.008587892803220936,0.0023777905356989755,0.9109209864116758
beta2,spmodel,-0.014098223245677737,0.008125142358459554,0.024462328155767966,0.9079013588324106
beta3,INLA,0.0015093105183694021,0.009373497232008053,2.430275685239095e-4,0.8983392048314042
beta3,spmodel,-0.016651488636416585,0.008991705105021066,0.03083642874963492,0.9018621036738802
