beta,software,bias,mse,ratio,cover_fit
beta0,INLA,-0.01069265593561368,0.6674635397384305,1.712945863712944e-4,0.4864185110663984
beta0,spmodel,-0.11673851601759373,0.6346302212178335,0.021473734887441313,0.630784708249497
beta1,INLA,-0.004933098591549299,0.008122426056338028,0.002996082887692947,0.8903420523138833
beta1,spmodel,0.013997126883455325,0.007674166426950378,0.025529751388178305,0.8983903420523138
beta2,INLA,0.0076368209255533205,0.019080729376257544,0.0030565411153275343,0.9029175050301811
beta2,spmodel,-0.012507293000036158,0.017448354835803728,0.008965451451489106,0.9084507042253521
beta3,INLA,0.004580985915492959,0.01915439486921529,0.0010955935753247101,0.8908450704225352
beta3,spmodel,-0.014356058502800147,0.017942502120932898,0.011486492482861396,0.8988933601609658
