beta,software,bias,mse,ratio,cover_fit
beta0,INLA,-0.0465165,1.1805933175,0.0018327943587144692,0.4035
beta0,spmodel,-0.1259291411605614,1.185460936238369,0.013377200470018598,0.589
beta1,INLA,-0.0026540000000000023,0.024532918,2.8711284976373427e-4,0.883
beta1,spmodel,0.01752711316869128,0.022105810680991215,0.013896784897930585,0.894
beta2,INLA,0.022301500000000002,0.0710005535,0.007004972183068969,0.8785
beta2,spmodel,-0.005344489891865643,0.05795661259805366,4.928440590955669e-4,0.9025
beta3,INLA,0.0020115000000000007,0.0570637905,7.09054238168774e-5,0.905
beta3,spmodel,-0.01785910288121367,0.05221987070456632,0.006107781413826526,0.9115
