software,bias,mse,ratio,is_na,cover_fit
glmmTMB,-0.031146319323723894,0.09302903442905378,0.010427854200241038,0,0.901255
spmodel,-0.03237915568056102,0.09210318978865055,0.011382990371905637,0,0.90879
