beta,software,bias,mse,ratio,is_na,cover_fit
beta0,glmmTMB,0.008480611013144027,0.5437930988131341,1.322575871470818e-4,0,0.5795
beta0,spmodel,-0.028077368652796506,0.5210435403348576,0.0015129995277523265,0,0.7865
beta1,glmmTMB,-7.532061699791624e-4,0.0027556653470136,2.058738863590605e-4,0,0.9005
beta1,spmodel,0.002061172056225425,0.002727309288290362,0.001557736874070382,0,0.905
beta2,glmmTMB,-3.2173205000744965e-4,0.008250764246554437,1.2545687757982304e-5,0,0.9
beta2,spmodel,-0.0028641824569321022,0.008158489477625045,0.0010055220600695906,0,0.903
beta3,glmmTMB,3.756699980675461e-4,0.007362933081774144,1.9167354351951334e-5,0,0.9045
beta3,spmodel,-0.0024480980393039933,0.00733111194963815,8.174999988016646e-4,0,0.907
