software,type,time
glmmTMB,fixed,7.806000000000131
glmmTMB,preds,15.26833333333349
spmodel,fixed,1.8856666666667783
spmodel,preds,0.18433333333329452
