software,bias,mse,ratio,is_na,cover_fit
glmmTMB,-0.03406795363521698,0.12120296207978172,0.009575883666335756,0,0.89834
spmodel,-0.03659877231655918,0.1194887924607695,0.011210006457460125,0,0.90332
