beta,software,bias,mse,ratio,is_na,cover_fit
beta0,glmmTMB,0.03221207086383253,0.5662912220797666,0.0018323037138485117,0,0.5355
beta0,spmodel,-0.012704090352177013,0.537368228707909,3.00341373110847e-4,0,0.7685
beta1,glmmTMB,-0.0011542605221480894,0.005131544661439354,2.596328086163195e-4,0,0.917
beta1,spmodel,0.0026454471193705694,0.005054998937075034,0.001384449442720459,0,0.915
beta2,glmmTMB,0.006397576233826005,0.014634595368504743,0.002796727933844963,0,0.901
beta2,spmodel,0.0027474146090959457,0.014405540447297723,5.239849946545935e-4,0,0.905
beta3,glmmTMB,0.0030108749563562153,0.014400743084089208,6.295069601532573e-4,0,0.893
beta3,spmodel,-7.185815619794221e-4,0.014173886445027558,3.6430337100515845e-5,0,0.901
