software,bias,mse,ratio,is_na,cover_fit
glmmTMB,-0.026016675005008184,0.1835462647942019,0.003687720799304434,17,0.8909430156328795
spBayes,0.03955080143425451,0.17905106607983315,0.008736423235784435,0,0.90726
spmodel,-0.03282132021671203,0.17782735542348804,0.006057780357822633,0,0.89465
