bias,mse,ratio,cover_fit,cover_fit_adj
0.006308173109473738,0.0960831745075515,4.141520946100724e-4,0.50789,0.773375
