fixed,pred
11.445333333333354,0.19199999999997697
