fixed,pred
1.578333333333334,0.1990000000000009
