bias,mse,ratio,cover_fit,cover_fit_adj
-0.0016168284919489083,0.2730160779655638,9.575019873765488e-6,0.54288,0.890885
