bias,mse,ratio,cover_fit,cover_fit_adj
0.08059715281301778,0.1372020775536195,0.04734550057397125,0.73011,0.908555
