fixed,pred
3.262333333333322,0.19166666666667426
