bias,mse,ratio,cover_fit,cover_fit_adj
0.05282505302288965,0.1191165356332098,0.023426522707676138,0.84815,0.946635
