fixed,pred
3.633666666666674,0.1946666666666715
