bias,mse,ratio,cover_fit,cover_fit_adj
0.03594270512359015,0.1779379289037664,0.007260273622157511,0.69624,0.90506
