fixed,pred
2.1289999999999814,0.20366666666666333
