fixed,pred
2.075333333333329,0.19699999999999893
