bias,mse,ratio,cover_fit,cover_fit_adj
-0.03659877231655918,0.1194887924607695,0.011210006457460125,0.71074,0.90332
