fixed,pred
9.273666666666697,0.1936666666666497
