bias,mse,ratio,cover_fit,cover_fit_adj
0.006605319529598237,0.1270337350837399,3.434540128992591e-4,0.404755,0.653195
