fixed,pred
1.3196666666666108,0.19133333333335636
