bias,mse,ratio,cover_fit,cover_fit_adj
-0.0015591682936832475,0.2736713114594434,8.882939739145406e-6,0.478685,0.87395
