fixed,pred
2.7106666666666266,0.19166666666657572
