bias,mse,ratio,cover_fit,cover_fit_adj
0.06285350062084645,0.13410544767222388,0.029458628332165743,0.604095,0.888455
