fixed,pred
2.6006666666666507,0.1913333333332048
