bias,mse,ratio,cover_fit,cover_fit_adj
0.0015866216782642435,0.1114050568258199,2.2596535755768354e-5,0.674605,0.904475
