fixed,pred
1.6003333333333407,0.19866666666660723
