bias,mse,ratio,cover_fit,cover_fit_adj
0.022801864441379868,0.176833001891866,0.002940203561781978,0.548504252126063,0.8834117058529265
