fixed,pred
1.4066666666666605,0.1929999999998472
